ORA3MU;3dargfor-vpn;7303:1586;7303:1586
ORA3MU;IMPRESO2372-VPN;7303:2372;7303:2
ORA3MU;ORGANIZ2425-VPN;7303:2425;7303:2372
ORA3MU;PURUSS-2613-VPN;7303:2613;7303:2
ORA3MU;TASARIO-VPN;15186:65000;7303:2425
ORA3MU;VPN-SISTEMAS-CABLEVISION-CORP;7303:2000670301;7303:2
ORA3MU;VPN-TECNOACCION1;7303:169;7303:2613
ORA3MU;VRF-FCORP-YPF-TERCEROS;10481:14435;15186:65000
ORA3MU;aca-vpn;7303:119;7303:200067
ORA3MU;afip-vpn;7303:324;7303:81
ORA3MU;alatlogistica-vpn;7303:506;7303:169
ORA3MU;alimentosylogistica-vpn;7303:278;10481:14435
ORA3MU;alpargatas-vpn;7303:601;7303:2
ORA3MU;anses-vpn;7303:128;7303:119
ORA3MU;arcore-vpn;7303:739;7303:2
ORA3MU;arcosdora2-vpn;7303:1154;7303:324
ORA3MU;argentconec-vpn;7303:1226;7303:2
ORA3MU;asmuprofa-vpn;7303:1017;7303:81
ORA3MU;asofutbolar-vpn;7303:1244;7303:506
ORA3MU;assaind-vpn;7303:885;7303:81
ORA3MU;bancindazul-vpn;7303:1268;7303:278
ORA3MU;bapropago-vpn;7303:1571;7303:601
ORA3MU;basgall-vpn;7303:5021;7303:128
ORA3MU;bcogalicia-vpn;7303:347;7303:2
ORA3MU;bcopatagonia-vpn;7303:297;7303:739
ORA3MU;bcosantafe-vpn;7303:219;7303:1154
ORA3MU;bigbloom-vpn;7303:653;7303:1226
ORA3MU;bna-vpn;7303:149;7303:1017
ORA3MU;bombasfal-vpn;7303:2593;7303:2
ORA3MU;bonesi-vpn;7303:73;7303:1244
ORA3MU;boston-vpn;7303:120;7303:885
ORA3MU;bronze-prueba-ing;7303:325;7303:141
ORA3MU;cajapopuaho-vpn;7303:977;7303:1268
ORA3MU;cajapopuaho2-vpn;7303:641;7303:2
ORA3MU;calzetta-vpn;7303:619;7303:1571
ORA3MU;camsenasfe-vpn;7303:1075;7303:5021
ORA3MU;carciaseg-vpn;7303:895;7303:347
ORA3MU;carsa;7303:49;7303:297
ORA3MU;causersa-vpn;7303:1032;7303:2
ORA3MU;cei-vpn;7303:117;7303:219
ORA3MU;cencosud-vpn;7303:235;7303:653
ORA3MU;cfasa-vpn;7303:1509;7303:149
ORA3MU;cheek-vpn;7303:890;7303:2
ORA3MU;citibank-vpn;7303:509;7303:2593
ORA3MU;cjuleriaque-vpn;7303:980;7303:73
ORA3MU;clama-vpn;7303:459;7303:2
ORA3MU;cnc-vpn;7303:530;7303:120
ORA3MU;conarcoalambres-vpn;7303:262;7303:325
ORA3MU;conmega-vpn;7303:121;7303:977
ORA3MU;correo-vpn;7303:707;7303:641
ORA3MU;coto-vpn;7303:236;7303:619
ORA3MU;coto1-vpn;7303:1457;7303:1075
ORA3MU;credicoop2-vpn;7303:269;7303:895
ORA3MU;credimas-vpn;7303:1689;7303:2
ORA3MU;darclibertador-vpn;7303:147;7303:49
ORA3MU;dcn-gestion;7303:1204;7303:1032
ORA3MU;desab-vpn;7303:834;7303:117
ORA3MU;diaarg-vpn;7303:594;7303:235
ORA3MU;dilfersa-vpn;7303:1198;7303:1509
ORA3MU;disenosjery-vpn;7303:2730;7303:2
ORA3MU;disney-vpn;7303:541;7303:890
ORA3MU;emdersadist-vpn;7303:575;7303:509
ORA3MU;expresobisonte-vpn;7303:375;7303:980
ORA3MU;firstdatacs-vpn;7303:1500;7303:81
ORA3MU;fravega-vpn;7303:1059;7303:459
ORA3MU;fst1-vpn;7303:515;7303:530
ORA3MU;g3arroyos-vpn;7303:574;7303:81
ORA3MU;garbacontenidos-vpn;7303:1385;7303:262
ORA3MU;garbarino-vpn;7303:182;7303:121
ORA3MU;gasnor-vpn;7303:88;7303:2
ORA3MU;gms-vpn;7303:56;7303:707
ORA3MU;hamciaseg-vpn;7303:940;7303:2
ORA3MU;hipodromo-3-vpn;7303:433;7303:2
ORA3MU;hipodromo-vpn;7303:162;7303:236
ORA3MU;hsbc-vpn;7303:279;7303:1457
ORA3MU;inssaludips-vpn;7303:965;7303:2
ORA3MU;inta-vpn;7303:304;7303:269
ORA3MU;iptv-dhcp-vpn;7303:2986;7303:2
ORA3MU;ituran-vpn;7303:546;7303:81
ORA3MU;kilbelsrl-vpn;7303:969;7303:1689
ORA3MU;kilgelmann-vpn;7303:1117;7303:2
ORA3MU;lacaja-vpn;7303:79;7303:147
ORA3MU;leaderprice-vpn;7303:644;7303:1204
ORA3MU;liberty-vpn;7303:190;7303:834
ORA3MU;litoralgas-vpn;7303:450;7303:594
ORA3MU;lobruno-vpn;7303:1041;7303:1198
ORA3MU;loginter-vpn;7303:846;7303:2
ORA3MU;lujansa-vpn;7303:1383;7303:2730
ORA3MU;macro-siem-vpn;7303:1030;7303:541
ORA3MU;maxima-vpn;7303:507;7303:575
ORA3MU;minpubprocnacion-vpn;7303:3000;7303:2
ORA3MU;mpdefgnac-vpn;7303:1020;7303:375
ORA3MU;mspprovsalta-vpn;7303:837;7303:1500
ORA3MU;munisam-vpn;7303:90;7303:2
ORA3MU;munisanisidro-vpn;7303:123;7303:1059
ORA3MU;nanoceldas-vpn;7303:435;7303:515
ORA3MU;ncentralarg-vpn;7303:249;7303:2
ORA3MU;newstar-vpn;7303:659;7303:574
ORA3MU;newstarsrl-vpn;7303:200151;7303:1385
ORA3MU;osba-vpn;7303:1108;7303:182
ORA3MU;ospe-vpn;7303:480;7303:2
ORA3MU;ospecom-vpn;7303:103;7303:88
ORA3MU;pami-vpn;7303:1185;7303:56
ORA3MU;pianezzola-vpn;7303:701;7303:940
ORA3MU;pievesa-vpn;7303:1399;7303:433
ORA3MU;pjn-vpn;7303:115;7303:162
ORA3MU;poderjudicial-vpn;7303:454;7303:279
ORA3MU;razycia-vpn;7303:608;7303:2
ORA3MU;refinor-vpn;7303:263;7303:965
ORA3MU;refinor2-vpn;7303:595;7303:2
ORA3MU;rentastucuman-vpn;7303:152;7303:304
ORA3MU;ribeiro-vpn;7303:148;7303:2
ORA3MU;salta911-vpn;7303:163;7303:2986
ORA3MU;sanatoriocaseros-vpn;7303:495;7303:546
ORA3MU;santander-vpn;7303:1735;7303:969
ORA3MU;scristobalcaja-vpn;7303:550;7303:1117
ORA3MU;semtur-vpn;7303:1267;7303:79
ORA3MU;sepsa-vpn;7303:256;7303:2
ORA3MU;sigar2-vpn;7303:309;7303:644
ORA3MU;sigar3-vpn;7303:3031;7303:190
ORA3MU;simons-vpn;7303:1219;7303:450
ORA3MU;siprosa-vpn;7303:671;7303:1041
ORA3MU;solido-vpn;7303:479;7303:846
ORA3MU;sony1-vpn;7303:64;7303:1383
ORA3MU;soychu-vpn;7303:367;7303:2
ORA3MU;supermat-vpn;7303:333;7303:1030
ORA3MU;supermat2-vpn;7303:434;7303:2
ORA3MU;superyaguar-vpn;7303:867;7303:507
ORA3MU;swissmedical-vpn;7303:970;7303:2
ORA3MU;tarjetanaranja-vpn;7303:118;7303:3000
ORA3MU;tasabancofrances-vpn;10834:83143;7303:2
ORA3MU;tasabapro-vpn;10834:97015;7303:1020
ORA3MU;toip-vpn;7303:1004;7303:837
ORA3MU;totalgaz-vpn;7303:516;7303:81
ORA3MU;unigestopems-vpn;7303:1471;7303:90
ORA3MU;unipecinac-vpn;7303:702;7303:123
ORA3MU;vfsa-vpn;7303:1453;7303:435
ORA3MU;vidal-vpn;7303:171;7303:249
ORA3MU;villamil-vpn;7303:733;7303:659
ORA3MU;visa2-vpn;7303:747;7303:2
ORA3MU;vpn-advance;7303:42;7303:200151
ORA3MU;vpn-advance-cor;7303:47;7303:2
ORA3MU;vpn-advance-ros;7303:48;7303:1108
ORA3MU;vpn-assa;7303:216;7303:480
ORA3MU;vpn-bisel;7303:67;7303:103
ORA3MU;vpn-claro-RS-LTE-amba;7303:9710;7303:1185
ORA3MU;vpn-cps;7303:1092;7303:2
ORA3MU;vpn-credicoop;7303:78;7303:701
ORA3MU;vpn-disco;7303:55;7303:1399
ORA3MU;vpn-farmacity;7303:151;7303:2
ORA3MU;vpn-ges-sspopusa;7303:21;7303:2
ORA3MU;vpn-gestion-USE;7303:11;7303:115
ORA3MU;vpn-gestion-adsl;200:1;7303:454
ORA3MU;vpn-gestion-sdh-huawei;7303:646;7303:608
ORA3MU;vpn-gire-1;7303:198;7303:263
ORA3MU;vpn-gpba;7303:26;7303:2
ORA3MU;vpn-jockey;7303:46;7303:595
ORA3MU;vpn-ldip-tasa-10834111857;10834:111857;7303:2
ORA3MU;vpn-ldip-tasa-1083462377;10834:62377;7303:152
ORA3MU;vpn-ldip-tasa-1083490963;10834:90963;7303:2
ORA3MU;vpn-ldip-tasa-1083491446;10834:91446;7303:148
ORA3MU;vpn-ldip-tasa-15186312284;15186:312284;7303:81
ORA3MU;vpn-macro-callcenter;7303:754;7303:163
ORA3MU;vpn-macro-coelsa;7303:1066;7303:2
ORA3MU;vpn-macro-xot;7303:694;7303:81
ORA3MU;vpn-milkaut;7303:469;7303:495
ORA3MU;vpn-mvs-RS-LTE-amba;7303:881;7303:1735
ORA3MU;vpn-ngn-nacional;7303:58;7303:2
ORA3MU;vpn-pandytoys;7303:589;7303:550
ORA3MU;vpn-personal-S1MME;7303:1728;7303:1267
ORA3MU;vpn-personal-abis-2G;7303:2283;7303:256
ORA3MU;vpn-personal-gomran;7303:1729;7303:309
ORA3MU;vpn-personal-iu;7303:925;7303:2
ORA3MU;vpn-personal-iub-3G;7303:2282;7303:3031
ORA3MU;vpn-personal-iur;7303:1283;7303:2
ORA3MU;vpn-personal-s1;7303:1341;7303:1219
ORA3MU;vpn-personal-voz;7303:6;7303:671
ORA3MU;vpn-planauto;7303:265;7303:479
ORA3MU;vpn-presurizacion;7303:200102;7303:64
ORA3MU;vpn-prima;7303:23;7303:2
ORA3MU;vpn-prueba-datos;7303:69;7303:367
ORA3MU;vpn-sancor;7303:28;7303:81
ORA3MU;vpn-sion;7303:711;7303:333
ORA3MU;vpn-tasa-rio-backup;10834:2017;7303:2
ORA3MU;vpn-tasa-rio-ppal;10834:2018;7303:434
ORA3MU;vpn-tdata-bcorio;200:12;7303:867
ORA3MU;vpn-vestiditos;7303:127;7303:970
ORA3MU;vpn-williner;7303:157;7303:2
ORA3MU;vpn-wpatron;7303:129;7303:118
ORA3MU;vpnses3;7303:1069;7303:2
ORA3MU;vrf-ftth-toip-symphonica;7303:200026;10834:83143
ORA3MU;walmart-vpn;7303:200106;10834:97015
ORA3MU;walmart1-vpn;7303:790;7303:1004
ORA3MU;wideformat-vpn;7303:2072;7303:516
ORA3MU;wifioffload-vpn;7303:1312;7303:1471
ORA3MU;wifiresidencial-vpn;7303:1251;7303:702
ORA3MU;ypf-vpn;7303:302;7303:1453
SPE2MU;3dargfor-vpn;7303:1586;7303:1586
SPE2MU;IMPRESO2372-VPN;7303:2372;7303:2
SPE2MU;ORGANIZ2425-VPN;7303:2425;7303:2372
SPE2MU;PURUSS-2613-VPN;7303:2613;7303:2
SPE2MU;TASARIO-VPN;15186:65000;7303:2425
SPE2MU;VPN-TECNOACCION1;7303:169;7303:2
SPE2MU;aca-vpn;7303:119;7303:2613
SPE2MU;afip-vpn;7303:324;15186:65000
SPE2MU;alatlogistica-vpn;7303:506;7303:81
SPE2MU;alimentosylogistica-vpn;7303:278;7303:169
SPE2MU;alpargatas-vpn;7303:601;7303:119
SPE2MU;anses-vpn;7303:128;7303:2
SPE2MU;arcore-vpn;7303:739;7303:324
SPE2MU;arcosdora2-vpn;7303:1154;7303:2
SPE2MU;argentconec-vpn;7303:1226;7303:81
SPE2MU;asmuprofa-vpn;7303:1017;7303:506
SPE2MU;asofutbolar-vpn;7303:1244;7303:81
SPE2MU;assaind-vpn;7303:885;7303:278
SPE2MU;bancindazul-vpn;7303:1268;7303:601
SPE2MU;bapropago-vpn;7303:1571;7303:2
SPE2MU;basgall-vpn;7303:5021;7303:128
SPE2MU;basj-vpn;7303:1609;7303:739
SPE2MU;bcogalicia-vpn;7303:347;7303:1154
SPE2MU;bcopatagonia-vpn;7303:297;7303:1226
SPE2MU;bcosantafe-vpn;7303:219;7303:2
SPE2MU;bigbloom-vpn;7303:653;7303:1017
SPE2MU;bna-vpn;7303:149;7303:2
SPE2MU;bombasfal-vpn;7303:2593;7303:1244
SPE2MU;bonesi-vpn;7303:73;7303:885
SPE2MU;boston-vpn;7303:120;7303:141
SPE2MU;bronze-prueba-ing;7303:325;7303:1268
SPE2MU;cajapopuaho-vpn;7303:977;7303:2
SPE2MU;cajapopuaho2-vpn;7303:641;7303:1571
SPE2MU;calzetta-vpn;7303:619;7303:5021
SPE2MU;camsenasfe-vpn;7303:1075;7303:1609
SPE2MU;carsa;7303:49;7303:2
SPE2MU;castillo-vpn;7303:209;7303:347
SPE2MU;causersa-vpn;7303:1032;7303:2
SPE2MU;cei-vpn;7303:117;7303:297
SPE2MU;cencosud-vpn;7303:235;7303:2
SPE2MU;cheek-vpn;7303:890;7303:219
SPE2MU;citibank-vpn;7303:509;7303:653
SPE2MU;cjuleriaque-vpn;7303:980;7303:149
SPE2MU;clama-vpn;7303:459;7303:2
SPE2MU;cnc-vpn;7303:530;7303:2
SPE2MU;conarcoalambres-vpn;7303:262;7303:2593
SPE2MU;conmega-vpn;7303:121;7303:73
SPE2MU;correo-vpn;7303:707;7303:2
SPE2MU;coto-vpn;7303:236;7303:120
SPE2MU;coto1-vpn;7303:1457;7303:325
SPE2MU;credicoop2-vpn;7303:269;7303:977
SPE2MU;credimas-vpn;7303:1689;7303:641
SPE2MU;darclibertador-vpn;7303:147;7303:619
SPE2MU;dcn-gestion;7303:1204;7303:1075
SPE2MU;desab-vpn;7303:834;7303:49
SPE2MU;diaarg-vpn;7303:594;7303:209
SPE2MU;dilfersa-vpn;7303:1198;7303:2
SPE2MU;disenosjery-vpn;7303:2730;7303:1032
SPE2MU;disney-vpn;7303:541;7303:117
SPE2MU;expresobisonte-vpn;7303:375;7303:235
SPE2MU;firstdatacs-vpn;7303:1500;7303:890
SPE2MU;fravega-vpn;7303:1059;7303:509
SPE2MU;fst1-vpn;7303:515;7303:980
SPE2MU;g3arroyos-vpn;7303:574;7303:81
SPE2MU;garbacontenidos-vpn;7303:1385;7303:459
SPE2MU;garbarino-vpn;7303:182;7303:530
SPE2MU;gms-vpn;7303:56;7303:81
SPE2MU;hamciaseg-vpn;7303:940;7303:262
SPE2MU;hipodromo-3-vpn;7303:433;7303:121
SPE2MU;hipodromo-vpn;7303:162;7303:2
SPE2MU;hsbc-vpn;7303:279;7303:707
SPE2MU;inta-vpn;7303:304;7303:2
SPE2MU;ipsjujuy-vpn;7303:1126;7303:2
SPE2MU;iptv-dhcp-vpn;7303:2986;7303:236
SPE2MU;ituran-vpn;7303:546;7303:1457
SPE2MU;kilbelsrl-vpn;7303:969;7303:2
SPE2MU;kilgelmann-vpn;7303:1117;7303:269
SPE2MU;lacaja-vpn;7303:79;7303:2
SPE2MU;leaderprice-vpn;7303:644;7303:81
SPE2MU;liberty-vpn;7303:190;7303:1689
SPE2MU;litoralgas-vpn;7303:450;7303:2
SPE2MU;lobruno-vpn;7303:1041;7303:147
SPE2MU;loginter-vpn;7303:846;7303:1204
SPE2MU;lujansa-vpn;7303:1383;7303:834
SPE2MU;luquina2555-vpn;7303:2555;7303:594
SPE2MU;maxima-vpn;7303:507;7303:2
SPE2MU;miniseducul-vpn;7303:1570;7303:1198
SPE2MU;mpdefgnac-vpn;7303:1020;7303:2
SPE2MU;mspprovsalta-vpn;7303:837;7303:2730
SPE2MU;munisam-vpn;7303:90;7303:541
SPE2MU;munisanisidro-vpn;7303:123;7303:375
SPE2MU;nanoceldas-vpn;7303:435;7303:1500
SPE2MU;ncentralarg-vpn;7303:249;7303:2
SPE2MU;osba-vpn;7303:1108;7303:1059
SPE2MU;ospe-vpn;7303:480;7303:515
SPE2MU;ospecom-vpn;7303:103;7303:2
SPE2MU;pami-vpn;7303:1185;7303:574
SPE2MU;pianezzola-vpn;7303:701;7303:1385
SPE2MU;poderjudicial-vpn;7303:454;7303:182
SPE2MU;razycia-vpn;7303:608;7303:56
SPE2MU;refinor-vpn;7303:263;7303:940
SPE2MU;rentastucuman-vpn;7303:152;7303:433
SPE2MU;ribeiro-vpn;7303:148;7303:162
SPE2MU;sanatoriocaseros-vpn;7303:495;7303:279
SPE2MU;scristobalcaja-vpn;7303:550;7303:2
SPE2MU;semtur-vpn;7303:1267;7303:304
SPE2MU;sepsa-vpn;7303:256;7303:2
SPE2MU;sicom-vpn;7303:153;7303:1126
SPE2MU;simons-vpn;7303:1219;7303:2
SPE2MU;siprosa-vpn;7303:671;7303:2986
SPE2MU;solido-vpn;7303:479;7303:546
SPE2MU;sony1-vpn;7303:64;7303:969
SPE2MU;soychu-vpn;7303:367;7303:1117
SPE2MU;supermat-vpn;7303:333;7303:79
SPE2MU;supermat2-vpn;7303:434;7303:2
SPE2MU;superyaguar-vpn;7303:867;7303:644
SPE2MU;tasabancofrances-vpn;10834:83143;7303:190
SPE2MU;tasabapro-vpn;10834:97015;7303:450
SPE2MU;toip-vpn;7303:1004;7303:1041
SPE2MU;totalgaz-vpn;7303:516;7303:846
SPE2MU;unigestopems-vpn;7303:1471;7303:1383
SPE2MU;unipecinac-vpn;7303:702;7303:2
SPE2MU;vfsa-vpn;7303:1453;7303:2555
SPE2MU;vidal-vpn;7303:171;7303:2
SPE2MU;villamil-vpn;7303:733;7303:507
SPE2MU;visa2-vpn;7303:747;7303:1570
SPE2MU;vpn-advance;7303:42;7303:2
SPE2MU;vpn-advance-cor;7303:47;7303:2
SPE2MU;vpn-advance-ros;7303:48;7303:1020
SPE2MU;vpn-assa;7303:216;7303:837
SPE2MU;vpn-bisel;7303:67;7303:81
SPE2MU;vpn-cps;7303:1092;7303:90
SPE2MU;vpn-credicoop;7303:78;7303:123
SPE2MU;vpn-farmacity;7303:151;7303:435
SPE2MU;vpn-forrefre;7303:213;7303:249
SPE2MU;vpn-ges-sspopusa;7303:21;7303:1108
SPE2MU;vpn-gestion-USE;7303:11;7303:480
SPE2MU;vpn-gestion-adsl;200:1;7303:103
SPE2MU;vpn-gire-1;7303:198;7303:1185
SPE2MU;vpn-gpba;7303:26;7303:2
SPE2MU;vpn-jockey;7303:46;7303:701
SPE2MU;vpn-ldip-tasa-1083462377;10834:62377;7303:454
SPE2MU;vpn-ldip-tasa-1083491446;10834:91446;7303:608
SPE2MU;vpn-ldip-tasa-15186312284;15186:312284;7303:263
SPE2MU;vpn-macro-callcenter;7303:754;7303:2
SPE2MU;vpn-macro-coelsa;7303:1066;7303:152
SPE2MU;vpn-macro-xot;7303:694;7303:2
SPE2MU;vpn-milkaut;7303:469;7303:148
SPE2MU;vpn-ngn-nacional;7303:58;7303:81
SPE2MU;vpn-pandytoys;7303:589;7303:81
SPE2MU;vpn-personal-S1MME;7303:1728;7303:495
SPE2MU;vpn-personal-abis-2G;7303:2283;7303:550
SPE2MU;vpn-personal-gomran;7303:1729;7303:1267
SPE2MU;vpn-personal-iub-3G;7303:2282;7303:256
SPE2MU;vpn-personal-s1;7303:1341;7303:153
SPE2MU;vpn-planauto;7303:265;7303:2
SPE2MU;vpn-presurizacion;7303:200102;7303:1219
SPE2MU;vpn-prima;7303:23;7303:671
SPE2MU;vpn-prueba-datos;7303:69;7303:479
SPE2MU;vpn-sancor;7303:28;7303:64
SPE2MU;vpn-sion;7303:711;7303:2
SPE2MU;vpn-tdata-bcorio;200:12;7303:367
SPE2MU;vpn-vestiditos;7303:127;7303:81
SPE2MU;vpn-williner;7303:157;7303:333
SPE2MU;vpn-wpatron;7303:129;7303:434
SPE2MU;vpnses3;7303:1069;7303:867
SPE2MU;vrf-ftth-toip-symphonica;7303:200026;10834:83143
SPE2MU;walmart-vpn;7303:200106;10834:97015
SPE2MU;walmart1-vpn;7303:790;7303:1004
SPE2MU;wideformat-vpn;7303:2072;7303:516
SPE2MU;wifioffload-vpn;7303:1312;7303:1471
SPE2MU;wifiresidencial-vpn;7303:1251;7303:702
